,useless,pr_min_color,pr_min,pr_avg,rc_min_color,rc_min,rc_avg,colorspace,degree,regularization
0,0.03205128205128205,Grey,0.5806451612903226,0.8621393365811341,Grey,0.47368421052631576,0.8212419869637133,HSV,3,2
1,0.03632478632478633,Grey,0.6363636363636364,0.8491166719590706,Grey,0.3684210526315789,0.8181911817425648,RGB,3,2
2,0.03739316239316239,Grey,0.56,0.8466838636403854,Grey,0.3684210526315789,0.8126818450165947,Lab,3,2
3,0.035256410256410256,Silver,0.7383720930232558,0.8863446463421987,Grey,0.5789473684210527,0.8440804326464227,YCrCb,3,2
